{
	"IcoMoonType": "selection",
	"icons": [
		{
			"icon": {
				"paths": [
					"M896 256v-128h-896v704c0 35.346 28.654 64 64 64h864c53.022 0 96-42.978 96-96v-544h-128zM832 832h-768v-640h768v640zM128 320h640v64h-640zM512 448h256v64h-256zM512 576h256v64h-256zM512 704h192v64h-192zM128 448h320v320h-320z"
				],
				"tags": [
					"newspaper",
					"paper"
				],
				"grid": 16
			},
			"properties": {
				"order": 1,
				"id": 5,
				"prevSize": 32,
				"code": 58880,
				"name": "newspaper",
				"ligatures": ""
			}
		},
		{
			"icon": {
				"paths": [
					"M576.234 289.27l242.712-81.432 203.584 606.784-242.712 81.432zM0 896h256v-704h-256v704zM64 320h128v64h-128v-64zM320 896h256v-704h-256v704zM384 320h128v64h-128v-64z"
				],
				"tags": [
					"books",
					"library",
					"archive"
				],
				"grid": 16
			},
			"properties": {
				"order": 2,
				"id": 33,
				"prevSize": 32,
				"code": 58881,
				"name": "books",
				"ligatures": ""
			}
		}
	],
	"height": 1024,
	"metadata": {}
}